category,mean,std
organic,3.0,1.0
climate,,
water,,
social,4.0,0.0
governance,0.7341753898957287,0.6390822909567164
waste,,
adverse,,
global_rate,2.2686767493335287,0.5303870045221689
